Time,Distance
0.812,4707
0.812,4705
0.812,4705
0.828,4704
0.828,4704
1.019,4706
1.019,4706
1.019,4702
1.019,4707
1.019,4704
1.234,4704
1.234,4707
1.246,4701
1.434,4707
1.439,4707
1.446,4707
1.643,4709
1.644,4709
1.644,4706
1.646,4706
1.646,4704
1.649,4704
1.65,4704
1.676,4703
1.689,4703
1.73,4703
1.846,4707
1.846,4705
1.846,4706
1.846,4706
1.97,4707
1.97,4707
1.97,4699
1.987,4688
2.051,4669
2.067,4669
2.067,4669
2.257,4650
2.257,4650
2.257,4604
2.257,4568
2.451,4568
2.469,4556
2.469,4511
2.487,4511
2.655,4511
2.655,4492
2.655,4471
2.655,4450
2.655,4428
2.864,4428
2.864,4398
2.864,4398
2.864,4382
2.864,4382
2.864,4367
2.864,4367
3.074,4367
3.074,4348
3.074,4313
3.09,4294
3.279,4294
3.279,4274
3.279,4274
3.279,4242
3.279,4242
3.289,4242
3.295,4224
3.473,4170
3.473,4170
3.473,4154
3.695,4154
3.695,4100
3.695,4081
3.695,4081
3.894,4062
3.894,4062
3.894,4045
3.894,4030
3.894,4012
3.902,4012
3.902,4012
4.009,3994
4.009,3994
4.009,3977
4.017,3977
4.017,3977
4.017,3957
4.047,3957
4.063,3957
4.08,3939
4.096,3939
4.127,3922
4.143,3922
4.16,3906
4.184,3906
4.21,3906
4.229,3883
4.245,3883
4.261,3871
4.277,3871
4.325,3871
4.341,3850
4.357,3850
4.389,3834
4.405,3834
4.421,3834
4.437,3818
4.469,3818
4.487,3805
4.507,3805
4.517,3805
4.549,3782
4.565,3782
4.58,3768
4.596,3768
4.629,3768
4.645,3749
4.662,3749
4.678,3733
4.71,3733
4.726,3733
4.75,3715
4.756,3715
4.788,3697
4.803,3697
4.819,3697
4.835,3681
4.867,3681
4.883,3667
4.899,3667
4.915,3667
4.948,3662
4.964,3662
4.98,3665
5.008,3665
5.027,3655
5.044,3655
5.059,3655
5.076,3662
5.108,3662
5.124,3665
5.141,3665
5.157,3665
5.189,3666
5.205,3666
5.221,3657
5.237,3657
5.289,3603
5.32,3603
5.336,3560
5.368,3560
5.391,3547
5.401,3547
5.417,3547
5.449,3595
5.465,3595
5.482,3590
5.508,3590
5.53,3590
5.546,3592
5.579,3592
5.598,3700
5.627,3700
5.643,3668
5.659,3668
5.675,3668
5.707,3704
5.726,3704
5.74,3713
5.772,3713
5.789,3713
5.809,3763
5.815,3763
5.846,3756
5.863,3756
5.879,3756
5.911,3733
5.928,3733
5.943,3733
5.959,3658
5.99,3658
6.009,3601
6.021,3601
6.041,3613
6.071,3613
6.086,3613
6.106,3580
6.118,3580
6.151,3607
6.167,3607
6.185,3607
6.201,3651
6.231,3651
6.247,3720
6.263,3720
6.279,3720
6.306,3911
6.33,3911
6.336,3860
6.368,3860
6.384,3860
6.401,3673
6.416,3673
6.448,3483
6.464,3483
6.48,3483
6.509,3001
6.528,3001
6.544,2158
6.56,2158
6.577,2158
6.609,1794
6.625,1794
6.642,1558
6.658,1558
6.69,1558
6.706,1460
6.722,1460
6.738,1379
6.77,1379
6.786,1379
6.803,1348
6.819,1348
6.851,1315
6.868,1315
6.882,1315
6.904,1284
6.93,1284
6.947,1255
6.963,1255
6.979,1255
7.009,1252
7.027,1252
7.043,1258
7.059,1258
7.091,1258
7.106,1258
7.123,1258
7.139,1372
7.171,1372
7.188,1372
7.205,1450
7.222,1450
7.251,1532
7.267,1532
7.283,1532
7.311,1615
7.331,1615
7.347,1718
7.363,1718
7.379,1718
7.41,1826
7.427,1826
7.443,1875
7.459,1875
7.476,1875
7.51,1962
7.526,1962
7.54,2084
7.572,2084
7.588,2084
7.606,2466
7.62,2466
7.651,3312
7.668,3312
7.684,3312
7.706,4438
7.716,4438
7.749,5730
7.765,5730
7.781,5730
7.829,6400
7.845,6400
7.862,6460
7.878,6095
7.91,6095
7.953,6095
7.969,6252
7.985,6252
8.01,6399
8.018,6399
8.05,6399
8.066,6405
8.082,6405
8.107,6531
8.13,6531
8.146,6481
8.171,6481
8.186,6481
8.209,6437
8.227,6437
8.242,6557
8.258,6557
8.29,6557
8.308,6478
8.322,6478
8.338,6477
8.371,6477
8.387,6477
8.408,6543
8.419,6543
8.453,6424
8.464,6424
